#comment	rdp_tax_and_bootstrap	blast_taxonomy	blast_subject	blast_perc_identity	blast_perc_query_coverage	blast_evalue	blast_aln_length	seed_id	seed_sequence	observation_name	observation_sum	ADT-ST-ISS-XXX-01-A	ADT-ST-ISS-XXX-01-B	ADT-ST-ISS-XXX-01-C	ADT-ST-ISS-XXX-02-A	ADT-ST-ISS-XXX-02-B	ADT-ST-ISS-XXX-03-A	ADT-ST-ISS-XXX-04-A	ADT-ST-ISS-XXX-05-A	ADT-ST-ISS-XXX-06-A	ADT-ST-ISS-XXX-07-A	ADT-ST-ISS-XXX-07-B	ADT-ST-ISS-XXX-08-A	ADT-ST-ISS-XXX-08-B	ADT-ST-ISS-XXX-09-A	ADT-ST-ISS-XXX-10-A	ADT-ST-ISS-XXX-10-B	BL-AEST01157-A	BL-AEST01191-A	BL-AEST01286-A	BL-AEST01286-C	BL-AEST01308-A	BL-AEST01404-A	BL-AEST01475-A	BL-PUREE0001-A	BL-PUREE0001-B	BL-PUREE0001-C	BL-PUREE0002-A	CH-AEST01155-A	CH-AEST01155-B	CH-AEST01189-A	CH-AEST01284-A	CH-AEST01306-A	CH-AEST01402-A	CH-AEST01402-B	CH-AEST01473-A	CH-AEST01473-C	CH-PUREE0001-B	CTL-DN-MOC-COM-02-B	CTL-NO-DNA-PCR-XX-A	CTL-NO-DNA-PCR-XX-B	CTL-NO-DNA-PCR-XX-C	CTL-XX-DNA-EXT-01-A	CTL-XX-LRV-COI-01-A	CTL-XX-LRV-COI-01-C	CTL-XX-LRV-COI-02-A	CTL-XX-LRV-COI-02-B	CTL-XX-WAT-LRV-01-A	CTL-XX-WAT-LRV-02-A	CTM-ST-ISS-XXX-02-C	CTM-ST-ISS-XXX-04-C	FRT-BL-CAR-UNF-XX-A	FRT-BL-CAR-UNO-XX-A	FRT-BL-ISL-UNF-XX-A	FRT-BL-ISL-UNF-XX-C	FRT-BL-ISL-UNO-XX-A	FRT-BL-MAZ-INF-01-A	FRT-BL-MAZ-INF-01-B	FRT-BL-MAZ-INF-02-A	FRT-BL-MAZ-UNF-01-A	FRT-BL-MAZ-UNF-02-A	FRT-BL-MAZ-UNF-03-A	FRT-BL-MAZ-UNF-03-B	FRT-BL-MAZ-UNF-04-A	FRT-BL-MAZ-UNF-04-B	FRT-ST-ISS-IND-XX-A	FRT-ST-ISS-IND-XX-B	FRT-ST-ISS-IND-XX-C	FRT-ST-ISS-INM-XX-A	FRT-ST-ISS-UNF-01-A	FRT-ST-ISS-UNF-01-C	FRT-ST-ISS-UNF-02-A	FRT-ST-ISS-UNF-02-C	FRT-ST-ISS-UNF-03-A	FRT-ST-ISS-UNF-04-A	FRT-ST-ISS-UNF-05-A	FRT-ST-ISS-UNF-06-A	FRT-ST-ISS-UNF-XX-A	FRT-ST-ISS-UNO-XX-A	FRT-ST-ISS-UNO-XX-C	FRT-ST-MAZ-UNF-01-A	FRT-ST-MAZ-UNF-02-A	FRT-ST-MAZ-UNF-02-B	FRT-ST-MAZ-UNF-03-A	FRT-ST-MAZ-UNF-04-A	FRT-ST-MAZ-UNF-04-C	FRT-ST-MAZ-UNF-05-A	FRT-ST-MAZ-UNF-05-C	LRV-BB-MAZ-XXX-01-A	LRV-BB-MAZ-XXX-01-C	LRV-BB-MAZ-XXX-02-A	LRV-BB-MAZ-XXX-02-C	LRV-BB-MAZ-XXX-03-A	LRV-BB-MAZ-XXX-03-C	LRV-ST-ISS-XXX-01-A	LRV-ST-ISS-XXX-02-A	LRV-ST-ISS-XXX-02-C	NC-Index1189	NC-Index1191	NC-Index1195	NC-Index1198	NC-Index1199	NC-Index1200	NC-Index290	NC-Index302	NC-Index314	NC-Index326	NC-Index338	NC-Index350	NC-Index362	NC-Index410	NC-Index411	NC-Index415	NC-Index419	NC-Index608	NC-Index817	NC-Index819	NC-Index820	NC-Index822	NC-Index823	NC-Index827	NC-Index828	NC-Index841	NC-Index842	NC-Index843	NC-Index844	NC-Index846	NC-Index848	NC-Index850	NC-Index851	NC-Index852	NC-Index853	NC-Index854	NC-Index855	NC-Index856	NC-Index859	NC-Index860	NC-Index862	NC-Index863	PUC-ST-ISS-XXX-01-A	PUC-ST-ISS-XXX-01-C	PUC-ST-ISS-XXX-02-A	PUC-ST-ISS-XXX-02-C	PUC-ST-ISS-XXX-03-A	PUC-ST-ISS-XXX-03-C	PUC-ST-ISS-XXX-04-A	PUC-ST-ISS-XXX-04-B	PUC-ST-ISS-XXX-05-A	PUC-ST-ISS-XXX-05-C	PUC-ST-ISS-XXX-06-A	PUC-ST-ISS-XXX-07-A	PUC-ST-ISS-XXX-08-A	PUC-ST-ISS-XXX-08-C	PUC-ST-ISS-XXX-09-A	PUC-ST-ISS-XXX-09-C	PUC-ST-ISS-XXX-10-A	PUC-ST-ISS-XXX-10-C	PUP-ST-ISS-XXX-01-A	PUP-ST-ISS-XXX-01-C	PUP-ST-ISS-XXX-02-A	PUP-ST-ISS-XXX-03-A	PUP-ST-ISS-XXX-03-B	PUP-ST-ISS-XXX-04-A	PUP-ST-ISS-XXX-04-C	PUP-ST-ISS-XXX-05-A	PUP-ST-ISS-XXX-06-A	PUP-ST-ISS-XXX-07-A	PUP-ST-ISS-XXX-08-A	PUP-ST-ISS-XXX-08-C	PUP-ST-ISS-XXX-09-A	PUP-ST-ISS-XXX-09-B	PUP-ST-ISS-XXX-10-A	PUP-ST-ISS-XXX-10-B	PUP-ST-ISS-XXX-11-A	PUP-ST-ISS-XXX-11-B	PUP-ST-ISS-XXX-12-A	PUP-ST-ISS-XXX-12-B	ST-AEST01156-A	ST-AEST01156-B	ST-AEST01190-A	ST-AEST01285-A	ST-AEST01307-A	ST-AEST01403-A	ST-AEST01474-A	ST-AEST01474-B	ST-PUREE0001-A	ST-PUREE0001-C	ST-PUREE0002-A	Undetermined
no data	Arthropoda;(1.0);Insecta;(1.0);Diptera;(1.0);Drosophilidae;(1.0);Drosophilinae;(1.0);Drosophila;(1.0);Drosophila_simulans;(1.0);	Arthropoda;Insecta;Diptera;Drosophilidae;Drosophilinae;Drosophila;Drosophila_simulans	multi-subject	100.0	100.0	7.91e-64	133	M03930:300:000000000-KGPN3:1:1101:17413:2169	AACTTTATATTTTATCTTTGGAGCTTGAGCTGGGATAGTCGGAACATCATTAAGAATTTTAATTCGAGCCGAATTAGGACATCCTGGAGCATTAATCGGAGATGACCAAATTTATAATGTAATTGTAACTGCA	Cluster_1	141119	7266	2	1	9237	1	10386	11750	1363	8348	1245	0	13298	2	2274	9133	1	0	0	0	0	0	0	0	0	0	1	0	0	1	1	1	0	0	0	0	0	0	1	0	0	0	0	485	0	3595	0	1	31	0	0	0	0	0	0	0	0	1	0	0	0	0	0	0	1	30	0	1	0	0	0	0	0	18	0	0	0	0	1	0	0	0	1	0	0	1	0	1	0	2	0	0	7	0	26	1	0	0	9	0	0	0	0	7	1	5	1	4	3	10	0	6	0	0	0	3	3	14	0	0	0	0	5	0	16	15	0	0	0	0	0	5	1	0	1	0	0	0	0	3	0	10	0	2	1	26	0	3	0	30	54	4	0	13	0	8	0	6007	0	7762	4943	0	7825	2	2475	8217	7488	685	0	6355	1	1340	1	1469	1	1470	1	0	0	0	0	0	0	0	0	0	0	0	6299
no data	Arthropoda;(1.0);Insecta;(1.0);Diptera;(1.0);Drosophilidae;(1.0);Drosophilinae;(1.0);Drosophila;(0.99);Drosophila_suzukii;(0.99);	Arthropoda;Insecta;Diptera;Drosophilidae;Drosophilinae;Drosophila;Drosophila_suzukii	multi-subject	100.0	100.0	7.91e-64	133	M03930:300:000000000-KGPN3:1:1101:23201:4805	AACTCTATATTTTATTTTTGGAGCTTGAGCCGGAATAGTGGGAACATCTCTAAGAATTTTAATTCGAGCTGAATTAGGTCATCCAGGAGCATTAATTGGAGATGACCAAATTTATAACGTAATTGTTACCGCA	Cluster_2	108952	79	0	0	0	0	0	48	3338	5454	2158	1	113	0	0	0	0	3586	4536	1840	1	1500	1982	3055	10	0	0	33	7046	0	9443	5030	5895	8109	0	5270	1	1	0	1	0	1	0	662	0	1922	0	0	46	0	0	30	1	15	0	0	114	0	378	25	609	332	1	285	0	0	2	1	6	0	0	0	0	0	0	1	1	0	0	1	0	0	0	0	0	0	0	0	4129	1	212	1	2142	1	392	744	0	1	0	0	5	3	0	0	0	7	3	0	0	0	0	0	0	2	0	0	0	0	0	0	8	0	0	2	0	0	0	0	12	2	0	0	0	0	4	0	0	4	1	0	0	0	1	0	2	1	0	2	0	3	5	0	0	0	0	0	0	4	0	0	47	1	24	0	914	25	131	1626	1	3	0	731	0	1594	0	1985	0	1970	0	2699	1701	1416	2822	4643	0	0	0	14	5948
no data	Arthropoda;(1.0);Insecta;(1.0);Lepidoptera;(1.0);Pyralidae;(1.0);Phycitinae;(0.99);Ephestia;(0.99);Ephestia_kuehniella;(0.99);	Arthropoda;Insecta;Lepidoptera;Pyralidae;Phycitinae;Multi-affiliation;Multi-affiliation	multi-subject	100.0	100.0	7.91e-64	133	M03930:300:000000000-KGPN3:1:1102:20190:14748	TACTTTATATTTTATCTTTGGAATTTGATCAGGAATAGTAGGAACTTCCCTCAGTTTATTAATTCGTGCTGAATTAGGAACTCCTGAATCTTTAATTGGTGATGATCAAATTTATAATACTATTGTAACTGGT	Cluster_3	4732	0	0	0	0	0	0	0	0	0	0	0	0	0	0	0	0	0	0	0	0	0	0	0	0	0	0	0	0	0	0	0	0	0	0	0	0	0	0	0	0	0	0	0	0	0	0	0	0	0	0	0	0	0	0	0	0	0	0	0	0	0	0	0	0	0	0	0	0	0	0	0	0	0	0	0	0	0	0	0	0	0	0	0	0	0	0	0	0	0	0	0	0	0	0	0	0	0	0	0	0	0	0	0	0	0	0	0	0	0	0	0	0	0	0	0	0	0	0	0	0	0	0	0	0	0	0	0	0	0	0	0	0	0	0	0	0	0	0	4	0	99	0	26	0	0	0	0	0	0	0	0	0	3	0	4	0	58	0	45	4104	0	140	0	12	4	6	0	0	10	0	0	0	0	0	1	0	0	0	0	0	0	0	0	0	0	0	0	216
no data	Arthropoda;(1.0);Insecta;(1.0);Diptera;(1.0);Drosophilidae;(0.8);Drosophilinae;(0.79);Drosophila;(0.78);Drosophila_formosana;(0.73);	Arthropoda;Insecta;Multi-affiliation;Multi-affiliation;Multi-affiliation;Multi-affiliation;Multi-affiliation	multi-subject	100.0	100.0	7.91e-64	133	M03930:300:000000000-KGPN3:1:1102:22206:9782	AACTTTATATTTTATTTTTGGAGCTTGAGCTGGAATAGTTGGAACATCTTTAAGAATTTTAATTCGAGCTGAATTAGGACATCCTGGAGCATTAATTGGAGATGATCAAATTTATAATGTAATTGTAACTGCA	Cluster_4	4227	145	0	0	0	0	0	0	0	0	0	0	0	0	0	0	0	0	0	0	0	0	0	0	0	1	0	0	0	0	0	0	0	0	0	0	0	0	0	0	0	0	0	526	0	3358	0	0	12	0	0	0	0	0	0	0	0	0	0	0	0	0	0	0	0	0	0	0	0	0	0	0	1	0	0	0	0	0	0	0	0	0	0	0	0	0	0	0	0	0	0	0	0	0	0	0	1	0	0	0	0	0	0	0	0	0	0	0	0	0	0	0	0	0	0	0	1	0	0	0	0	0	0	0	0	0	0	0	0	0	0	0	0	2	0	0	0	0	0	0	0	0	0	0	0	0	0	0	0	0	0	0	0	0	0	0	0	0	0	0	0	0	0	0	0	0	0	0	0	0	0	0	0	0	0	0	0	0	0	0	0	0	0	0	0	0	0	0	180
no data	Arthropoda;(0.95);Insecta;(0.88);Diptera;(0.29);Stratiomyidae;(0.1);Clitellariinae;(0.1);Antissa;(0.1);Antissa_sp._SLW-2002;(0.1);	Arthropoda;Insecta;Coleoptera;Nitidulidae;Carpophilinae;Carpophilus;Carpophilus_brachypterus	606966	89.394	99.24812030075188	6.34e-40	132	M03930:300:000000000-KGPN3:1:1101:16050:1899	TACGTTGTACTTTATCTTCGGTGCTTGATCAGGTATAGTTGGTACATCCCTCAGAATTTTAATTCGTACTGAACTAGGGTCCCCCGGATCTTTAATTGGAAATGATCAAATTTATAATGTAATTGTCACAGCC	Cluster_5	2067	0	0	0	0	0	0	0	0	0	0	0	0	0	0	0	0	0	0	0	0	0	0	0	0	0	0	0	0	0	0	0	0	0	0	0	0	0	0	1	0	0	0	0	0	0	0	0	0	0	0	0	0	0	0	0	0	0	0	0	0	0	0	0	0	0	0	0	0	0	0	0	0	0	0	0	0	0	0	0	0	0	0	0	0	0	0	0	0	0	1902	0	0	0	0	0	0	0	0	0	0	0	0	0	0	0	0	0	0	0	3	0	0	0	0	0	0	0	0	0	0	0	0	0	0	0	0	0	0	0	0	0	0	0	0	0	0	0	0	0	0	0	0	0	0	0	0	0	0	0	0	0	0	0	0	0	0	0	0	0	0	0	0	0	0	0	0	0	0	0	0	0	0	0	0	0	0	0	0	0	0	0	0	0	0	0	0	0	161
no data	Arthropoda;(1.0);Insecta;(1.0);Diptera;(1.0);Drosophilidae;(1.0);Drosophilinae;(1.0);Drosophila;(1.0);Drosophila_simulans;(1.0);	Arthropoda;Insecta;Diptera;Drosophilidae;Drosophilinae;Drosophila;Drosophila_simulans	multi-subject	100.0	100.0	1.00e-62	131	M03930:300:000000000-KGPN3:1:1101:9464:7366	AACTTTATATTTTATCTTTGGAGCTTGAGCTGGGATAGTCGGAACATCATTAAGAATTTTAATTCGAGCCGAATTAGGACATCCTGGAGCATTAATCGGAGATGACCAAATTTATAATGTAATTGTAACTG	Cluster_6	1866	96	0	0	142	0	132	159	17	106	10	0	198	0	40	124	0	0	0	0	0	0	0	0	0	0	0	0	0	0	0	0	0	0	0	0	0	0	0	0	0	0	0	2	0	27	0	0	0	0	0	0	0	0	0	0	0	0	0	0	0	0	0	0	0	0	0	0	0	0	0	0	0	0	0	0	0	0	0	0	0	0	0	0	0	0	0	0	0	0	0	0	0	0	0	0	0	0	0	0	0	0	0	0	0	0	0	0	0	0	0	0	0	0	0	0	0	0	0	0	0	0	0	0	0	0	0	0	0	0	0	0	0	0	0	0	0	0	0	0	0	0	0	0	0	2	0	0	0	1	3	0	0	0	0	0	0	101	0	103	65	1	103	0	18	100	86	8	0	92	0	9	0	16	0	17	0	0	0	0	0	0	0	0	0	0	0	0	88
no data	Arthropoda;(1.0);Branchiopoda;(1.0);Anostraca;(1.0);Artemiidae;(1.0);unclassified;(1.0);Artemia;(1.0);Artemia_sp._Kazakhstan_JM-2010;(1.0);	Arthropoda;Branchiopoda;Anostraca;Artemiidae;unclassified;Artemia;Multi-affiliation	multi-subject	100.0	99.24812030075188	2.85e-63	132	M03930:300:000000000-KGPN3:1:1106:15677:10932	AACCTTATACTTTATTTTTGGAGCTTGAGCAGGAATAGTGGGAACTTCTTTAAGCATACTTATTCGGGCAGAATTGGGTCAACCTGGCTCCCTAATTGGAGATGAACAGGTGTACAATGTCATTGTAACAGCC	Cluster_7	1128	0	0	0	0	0	0	0	0	0	0	0	0	0	0	0	0	0	0	0	0	0	0	0	0	0	0	0	0	0	0	0	0	0	0	0	0	0	0	0	0	0	0	0	0	0	0	0	0	0	0	0	0	0	0	0	0	0	0	0	0	0	0	0	0	0	0	0	0	0	0	0	0	0	0	0	0	0	0	0	0	0	0	0	0	0	0	0	0	0	0	0	0	0	0	0	0	0	0	0	0	0	0	0	0	0	0	0	0	0	0	0	0	0	0	0	0	0	0	0	0	0	0	0	0	0	0	0	0	0	0	0	0	0	0	0	0	0	0	0	0	0	0	0	0	0	0	0	0	0	0	0	0	0	0	0	0	0	0	8	1085	0	2	0	0	0	0	0	0	0	0	0	0	0	0	0	0	0	0	0	0	0	0	0	0	0	0	0	33
no data	Arthropoda;(1.0);Insecta;(1.0);Diptera;(1.0);Drosophilidae;(1.0);Drosophilinae;(1.0);Drosophila;(1.0);Drosophila_suzukii;(1.0);	Arthropoda;Insecta;Diptera;Drosophilidae;Drosophilinae;Drosophila;Drosophila_suzukii	multi-subject	100.0	100.0	1.00e-62	131	M03930:300:000000000-KGPN3:1:1106:24221:11488	AACTCTATATTTTATTTTTGGAGCTTGAGCCGGAATAGTGGGAACATCTCTAAGAATTTTAATTCGAGCTGAATTAGGTCATCCAGGAGCATTAATTGGAGATGACCAAATTTATAACGTAATTGTTACCG	Cluster_8	522	0	0	0	0	0	0	0	16	49	12	0	0	0	0	0	0	16	12	8	0	5	7	9	0	0	0	0	42	0	43	17	16	36	0	22	0	0	0	0	0	0	0	4	0	17	0	0	1	0	0	1	0	0	0	0	1	0	1	0	3	1	0	3	0	0	0	0	0	0	0	0	0	0	0	0	0	0	0	0	0	0	0	0	0	0	0	0	33	0	2	0	33	0	7	10	0	0	0	0	0	0	0	0	0	0	0	0	0	0	0	0	0	0	0	0	0	0	0	0	0	0	0	0	0	0	0	0	0	0	0	0	0	0	0	0	0	0	0	0	0	0	0	0	0	0	0	0	0	0	0	0	0	0	0	0	0	0	0	0	0	0	1	0	6	0	0	1	0	0	0	2	0	7	0	9	0	2	0	7	5	0	6	21	0	0	0	1	27
no data	Arthropoda;(1.0);Insecta;(1.0);Thysanoptera;(1.0);Thripidae;(1.0);Thripinae;(1.0);Frankliniella;(1.0);Frankliniella_occidentalis;(1.0);	Arthropoda;Insecta;Thysanoptera;Thripidae;Thripinae;Frankliniella;Frankliniella_occidentalis	multi-subject	100.0	100.0	1.75e-65	136	M03930:300:000000000-KGPN3:1:1101:9590:3331	AATTTTATACTTTTTATTTGGATTTTGATCGGGTATATTTGGTTTATCATTAAGTATATTAATCCGATTAAACTTACGAACATCTTTTAAACTATTTATTAGAAATGACCAATTTTATAATTCAGTAGTAACAGCC	Cluster_9	375	0	0	0	0	0	0	0	0	0	0	0	0	0	0	0	0	0	0	0	0	0	0	0	0	0	0	0	0	0	0	0	0	0	0	0	0	0	0	0	0	0	0	0	0	0	0	0	0	0	0	0	0	0	0	0	0	0	0	0	0	0	0	0	0	0	0	0	0	0	0	353	0	0	3	0	3	0	0	0	0	0	0	0	0	0	3	0	0	0	0	0	0	0	0	0	0	0	0	0	0	0	0	0	0	0	0	0	0	0	0	0	0	0	0	0	0	0	1	0	0	0	0	0	0	0	0	0	0	0	0	0	0	0	0	0	0	0	0	0	0	0	0	0	0	0	0	0	0	0	0	0	0	0	0	0	0	0	0	0	0	0	0	0	0	0	0	0	0	0	0	0	0	0	0	0	0	0	0	0	0	0	0	0	0	0	0	0	12
no data	Arthropoda;(0.68);Insecta;(0.54);Hemiptera;(0.18);Veliidae;(0.05);Haloveliinae;(0.05);Entomovelia;(0.05);Entomovelia_sp._YC-2015;(0.05);	no data	no data	no data	no data	no data	no data	M03930:300:000000000-KGPN3:1:1101:13276:4442	AACAATATATTTTTGTTTTGGGCTATGGGCCGGAATTATAGGGGCATCAATAAGAATAATTATTCGAATCAAGCTATCACACCCCAACCTCATAGCGCAAAATGACCAAACTTATAATACAATAGTGACTGCA	Cluster_10	370	0	0	0	0	0	0	0	0	0	0	0	0	0	0	0	0	0	0	0	0	0	0	0	0	0	0	0	0	0	0	0	0	0	0	0	0	0	0	0	0	0	0	0	0	0	0	0	0	0	0	0	0	0	0	0	0	0	0	0	0	0	0	0	0	0	0	0	0	0	0	0	0	0	0	0	337	15	1	0	0	0	0	0	0	0	0	0	0	0	0	0	0	0	0	0	0	0	0	0	0	0	0	0	0	0	0	0	0	0	0	0	0	0	0	0	0	0	0	0	0	0	0	0	0	0	0	0	0	0	0	0	0	0	0	0	0	0	0	0	0	0	0	0	0	0	0	0	0	0	0	0	0	0	0	0	0	0	0	0	0	0	0	0	0	0	0	0	0	0	0	0	0	0	0	0	0	0	0	0	0	0	0	0	0	0	0	0	17
no data	Chordata;(1.0);Mammalia;(1.0);Primates;(1.0);Hominidae;(1.0);unclassified;(1.0);Homo;(1.0);Homo_sapiens;(1.0);	Chordata;Mammalia;Primates;Hominidae;unclassified;Homo;Homo_sapiens	multi-subject	100.0	100.0	7.91e-64	133	M03930:300:000000000-KGPN3:1:2108:17120:21428	AACACTATACCTATTATTCGGCGCATGAGCTGGAGTCCTAGGCACAGCTCTAAGCCTCCTTATTCGAGCCGAGCTGGGCCAGCCAGGCAACCTTCTAGGTAACGACCACATCTACAACGTTATCGTCACAGCC	Cluster_11	277	1	0	0	1	0	0	0	0	0	0	0	0	0	0	0	0	0	0	0	0	0	0	0	5	0	0	10	0	0	3	0	0	0	0	1	0	0	0	14	0	0	1	0	0	0	0	125	1	0	0	0	0	0	0	4	0	0	5	0	0	1	0	0	0	4	0	0	3	0	0	0	0	0	0	0	0	0	0	0	0	0	0	0	0	0	2	0	2	0	0	0	7	0	0	0	0	0	0	0	0	0	0	0	0	0	0	0	0	0	0	0	0	0	0	0	0	0	0	0	0	0	0	0	0	0	0	0	0	0	0	0	0	0	0	0	0	0	0	0	0	0	0	1	0	0	0	1	0	0	0	0	0	0	0	0	0	17	0	7	2	0	1	0	0	33	0	0	0	9	0	0	0	0	0	1	0	0	0	0	0	0	0	0	0	0	0	0	15
no data	Arthropoda;(1.0);Insecta;(0.99);Diptera;(0.97);Drosophilidae;(0.54);Drosophilinae;(0.52);Drosophila;(0.52);Drosophila_subpulchrella;(0.26);	Arthropoda;Insecta;Diptera;Drosophilidae;Drosophilinae;Drosophila;Drosophila_subpulchrella	5178754	95.489	100.0	8.02e-54	133	M03930:300:000000000-KGPN3:1:1106:28143:10686	AACTTTATATTTTATCTTTGGAGCTTGAGCTGGGATAGTCGGAACATCATTAAGAATTTTAATTCGAGCTGAATTAGGTCATCCAGGAGCATTAATTGGAGATGACCAAATTTATAACGTAATTGTTACCGCA	Cluster_12	275	0	0	0	0	0	0	0	9	102	46	0	0	0	0	0	0	0	0	0	0	0	0	0	0	0	0	0	0	0	0	0	0	0	0	0	0	0	0	0	0	0	0	6	0	29	0	0	0	0	0	0	0	0	0	0	0	0	0	0	0	0	0	0	0	0	0	0	0	0	0	0	0	0	0	0	0	0	0	0	0	0	0	0	0	0	0	0	0	0	0	0	0	0	0	0	0	0	0	0	0	0	0	0	0	0	0	0	0	0	0	0	0	0	0	0	0	0	0	0	0	0	0	0	0	0	0	0	0	0	0	0	0	0	0	0	0	0	0	0	0	0	0	0	0	0	0	0	0	0	0	0	0	0	0	0	0	0	0	0	0	0	2	0	19	0	3	29	0	0	0	7	0	10	0	8	0	0	0	0	0	0	0	0	0	0	0	0	5
no data	Arthropoda;(1.0);Insecta;(1.0);Diptera;(0.96);Sarcophagidae;(0.07);Sarcophaginae;(0.07);Sarcophaga;(0.07);Sarcophaga_schineri;(0.07);	Arthropoda;Insecta;Diptera;Drosophilidae;Drosophilinae;Drosophila;Multi-affiliation	multi-subject	95.489	100.0	8.02e-54	133	M03930:300:000000000-KGPN3:1:1102:6204:16434	AACTCTATATTTTATTTTTGGAGCTTGAGCCGGAATAGTGGGAACATCTCTAAGAATTTTAATTCGAGCCGAATTAGGACATCCTGGAGCATTAATCGGAGATGACCAAATTTATAATGTAATTGTAACTGCA	Cluster_13	246	0	0	0	0	0	0	0	6	91	45	0	2	0	0	0	0	0	0	0	0	0	0	0	0	0	0	0	0	0	0	0	0	0	0	0	0	0	0	0	0	0	0	1	0	14	0	0	0	0	0	0	0	0	0	0	0	0	0	0	0	0	0	0	0	0	0	0	0	0	0	0	0	0	0	0	0	0	0	0	0	0	0	0	0	0	0	0	0	0	0	0	0	0	0	0	0	0	0	0	0	0	0	0	0	0	0	0	0	0	0	0	0	0	0	0	0	0	0	0	0	0	0	0	0	0	0	0	0	0	0	0	0	0	0	0	0	0	0	0	0	0	0	0	0	0	0	0	0	0	0	0	0	0	0	0	0	0	0	0	0	0	1	0	15	0	3	17	0	0	0	9	0	17	0	12	0	0	0	0	0	0	0	0	0	0	0	0	13
no data	Arthropoda;(1.0);Insecta;(1.0);Diptera;(0.99);Drosophilidae;(0.82);Drosophilinae;(0.81);Drosophila;(0.79);Drosophila_suzukii;(0.55);	Arthropoda;Insecta;Diptera;Drosophilidae;Drosophilinae;Drosophila;Drosophila_suzukii	multi-subject	97.744	100.0	7.97e-59	133	M03930:300:000000000-KGPN3:1:1106:8153:5581	AACTCTATATTTTATTTTTGGAGCTTGAGCCGGAATAGTGGGAACATCTCTAAGAATTTTAATTCGAGCTGAATTAGGTCATCCAGGAGCATTAATTGGAGATGACCAAATTTATAATGTAATTGTAACTGCA	Cluster_14	197	0	0	0	0	0	0	0	6	59	27	0	1	0	0	0	0	0	0	0	0	0	0	0	0	0	0	0	0	0	0	0	0	0	0	0	0	0	0	0	0	0	0	10	0	33	0	0	0	0	0	0	0	0	0	0	0	0	0	0	0	0	0	0	0	0	0	0	0	0	0	0	0	0	0	0	0	0	0	0	0	0	0	0	0	0	0	0	0	0	0	0	0	0	0	0	0	0	0	0	0	0	0	0	0	0	0	0	0	0	0	0	0	0	0	0	0	0	0	0	0	0	0	0	0	0	0	0	0	0	0	0	0	0	0	0	0	0	0	0	0	0	0	0	0	0	0	0	0	0	0	0	0	0	0	0	0	0	0	0	0	0	0	0	11	0	4	12	0	0	0	4	0	10	0	13	0	0	0	0	0	0	0	0	0	0	0	0	7
no data	Arthropoda;(1.0);Insecta;(1.0);Diptera;(1.0);Drosophilidae;(0.88);Drosophilinae;(0.88);Drosophila;(0.86);Drosophila_simulans;(0.82);	Arthropoda;Insecta;Diptera;Drosophilidae;Drosophilinae;Drosophila;Drosophila_simulans	multi-subject	97.744	100.0	7.97e-59	133	M03930:300:000000000-KGPN3:1:1103:16386:22316	AACTTTATATTTTATCTTTGGAGCTTGAGCTGGGATAGTCGGAACATCATTAAGAATTTTAATTCGAGCCGAATTAGGACATCCTGGAGCATTAATCGGAGATGACCAAATTTATAACGTAATTGTTACCGCA	Cluster_15	147	1	0	0	0	0	0	0	6	33	40	0	2	0	0	0	0	0	0	0	0	0	0	0	0	0	0	0	0	0	0	0	0	0	0	0	0	0	0	0	0	0	0	1	0	5	0	0	0	0	0	0	0	0	0	0	0	0	0	0	0	0	0	0	0	0	0	0	0	0	0	0	0	0	0	0	0	0	0	0	0	0	0	0	0	0	0	0	0	0	0	0	0	0	0	0	0	0	0	0	0	0	0	0	0	0	0	0	0	0	0	0	0	0	0	0	0	0	0	0	0	0	0	0	0	0	0	0	0	0	0	0	0	0	0	0	0	0	0	0	0	0	0	0	0	0	0	0	0	0	0	0	0	0	0	0	0	0	0	0	0	0	0	0	10	0	0	15	0	0	0	3	0	6	0	13	0	0	0	0	0	0	0	0	0	0	0	0	12
no data	Nematoda;(0.18);Nematoda_class_incertae_sedis;(0.15);Nematoda_order_incertae_sedis;(0.15);Nematoda_family_incertae_sedis;(0.15);unclassified;(0.15);Rhabditophanes;(0.12);Rhabditophanes_sp.;(0.12);	no data	no data	no data	no data	no data	no data	M03930:300:000000000-KGPN3:1:1101:13768:2004	AACAATATATTTTGGGTTAGGGTTATGGGCAGGACTATTAGGAGCCTCCATAAGAATTATCATTCGATTAAAATTATCTCACCCCTTTTTCTTAGGACAAAATGACCAAATCTTTAACGTTCTAGTAACAGCC	Cluster_16	87	0	0	0	0	0	0	0	0	0	0	0	0	0	0	0	0	0	0	0	0	0	0	0	0	0	0	0	0	0	0	0	0	0	0	0	0	0	0	0	0	0	0	0	0	0	0	0	0	0	0	0	0	0	0	0	0	0	0	0	0	0	0	0	0	0	0	0	0	0	0	0	0	0	0	81	0	0	0	0	0	0	0	0	0	0	0	0	0	0	0	0	0	0	0	0	0	0	0	0	0	0	0	0	0	0	0	0	0	0	0	0	0	0	0	0	0	0	0	0	0	0	0	0	0	0	0	0	0	0	0	0	0	0	0	0	0	0	0	0	0	0	0	0	0	0	0	0	0	0	0	0	0	0	0	0	0	0	0	0	0	0	0	0	0	0	0	0	0	0	0	0	0	0	0	0	0	0	0	0	0	0	0	0	0	0	0	0	6
no data	Arthropoda;(1.0);Insecta;(1.0);Diptera;(0.89);Drosophilidae;(0.44);Drosophilinae;(0.43);Drosophila;(0.41);Drosophila_santomea;(0.15);	Arthropoda;Insecta;Diptera;Drosophilidae;Drosophilinae;Drosophila;Multi-affiliation	multi-subject	96.241	100.0	1.72e-55	133	M03930:300:000000000-KGPN3:1:1101:6203:8649	AACTCTATATTTTATTTTTGGAGCTTGGGCCGGAATAGTAGGAACATCTTTAAGAATTTTAATTCGAGCTGAATTAGGTCATCCAGGAGCATTAATTGGAGATGATCAAATTTATAATGTGATTGTTACTGCA	Cluster_17	63	0	0	0	0	0	0	0	0	61	0	0	0	0	0	0	0	0	0	0	0	0	0	0	0	0	0	0	0	0	0	0	0	0	0	0	0	0	0	0	0	0	0	0	0	0	0	0	0	0	0	0	0	0	0	0	0	0	0	0	0	0	0	0	0	0	0	0	0	0	0	0	0	0	0	0	0	0	0	0	0	0	0	0	0	0	0	0	0	0	0	0	0	0	0	0	0	0	0	0	0	0	0	0	0	0	0	0	0	0	0	0	0	0	0	0	0	0	0	0	0	0	0	0	0	0	0	0	0	0	0	0	0	0	0	0	0	0	0	0	0	0	0	0	0	0	0	0	0	0	0	0	0	0	0	0	0	0	0	0	0	0	0	0	0	0	0	0	0	0	0	0	0	0	0	0	0	0	0	0	0	0	0	0	0	0	0	0	2
no data	Arthropoda;(1.0);Insecta;(1.0);Diptera;(0.99);Drosophilidae;(0.8);Drosophilinae;(0.8);Drosophila;(0.8);Drosophila_simulans;(0.64);	Arthropoda;Insecta;Diptera;Drosophilidae;Drosophilinae;Drosophila;Drosophila_simulans	506628	98.496	100.0	1.71e-60	133	M03930:300:000000000-KGPN3:1:1105:22325:8807	AACTTTATATTTTATCTTTGGAGCTTGAGCTGGGATAGTCGGAACATCATTAAGAATTTTAATTCGAGCTGAATTAGGACATCCTGGAGCATTAATTGGAGATGATCAAATTTATAATGTAATTGTAACTGCA	Cluster_18	51	0	0	0	0	0	0	0	0	0	0	0	0	0	0	0	0	0	0	0	0	0	0	0	0	0	0	0	0	0	0	0	0	0	0	0	0	0	0	0	0	0	0	4	0	46	0	0	0	0	0	0	0	0	0	0	0	0	0	0	0	0	0	0	0	0	0	0	0	0	0	0	0	0	0	0	0	0	0	0	0	0	0	0	0	0	0	0	0	0	0	0	0	0	0	0	0	0	0	0	0	0	0	0	0	0	0	0	0	0	0	0	0	0	0	0	0	0	0	0	0	0	0	0	0	0	0	0	0	0	0	0	0	0	0	0	0	0	0	0	0	0	0	0	0	0	0	0	0	0	0	0	0	0	0	0	0	0	0	0	0	0	0	0	0	0	0	0	0	0	0	0	0	0	0	0	0	0	0	0	0	0	0	0	0	0	0	0	1
no data	Arthropoda;(1.0);Insecta;(1.0);Diptera;(0.98);Drosophilidae;(0.81);Drosophilinae;(0.77);Drosophila;(0.77);Drosophila_formosana;(0.36);	Arthropoda;Insecta;Multi-affiliation;Multi-affiliation;Multi-affiliation;Multi-affiliation;Multi-affiliation	multi-subject	98.496	100.0	1.71e-60	133	M03930:300:000000000-KGPN3:1:1106:21330:19790	AACTTTATATTTTATTTTTGGAGCTTGAGCTGGAATAGTTGGAACATCTTTAAGAATTTTAATTCGAGCTGAATTAGGACATCCTGGAGCATTAATCGGAGATGACCAAATTTATAATGTAATTGTAACTGCA	Cluster_19	75	5	0	0	0	0	0	0	0	0	0	0	0	0	0	0	0	0	0	0	0	0	0	0	0	0	0	0	0	0	0	0	0	0	0	0	0	0	0	0	0	0	0	8	0	57	0	0	0	0	0	0	0	0	0	0	0	0	0	0	0	0	0	0	0	0	0	0	0	0	0	0	0	0	0	0	0	0	0	0	0	0	0	0	0	0	0	0	0	0	0	0	0	0	0	0	0	0	0	0	0	0	0	0	0	0	0	0	0	0	0	0	0	0	0	0	0	0	0	0	0	0	0	0	0	0	0	0	0	0	0	0	0	0	0	0	0	0	0	0	0	0	0	0	0	0	0	0	0	0	0	0	0	0	0	0	0	0	0	0	0	0	0	0	0	0	0	0	0	0	0	0	0	0	0	0	0	0	0	0	0	0	0	0	0	0	0	0	5
no data	Nematoda;(0.31);Nematoda_class_incertae_sedis;(0.16);Nematoda_order_incertae_sedis;(0.16);Nematoda_family_incertae_sedis;(0.16);unclassified;(0.16);Rhabditophanes;(0.07);Rhabditophanes_sp.;(0.07);	no data	no data	no data	no data	no data	no data	M03930:300:000000000-KGPN3:1:1101:22202:14451	AACTATGTATTTTTTCTTTGGATTTTGAACTGCTTTTTATGGCACGTCTCTTAGTATTCTTATGCGTTTGGAGCTTAGGCAGCCTGGTTCTTTTATTTTTCACGATCATGTCTATAATGTTTTTGTTACCTCG	Cluster_20	38	0	0	0	0	0	0	0	0	0	0	0	0	0	0	0	0	0	0	0	0	0	0	0	0	0	0	0	0	0	0	0	0	0	0	0	0	0	0	0	0	0	0	0	0	0	0	0	0	0	0	0	0	0	0	0	0	0	37	0	0	0	0	0	0	0	0	0	0	0	0	0	0	0	0	0	0	0	0	0	0	0	0	0	0	0	0	0	0	0	0	0	0	0	0	0	0	0	0	0	0	0	0	0	0	0	0	0	0	0	0	0	0	0	0	0	0	0	0	0	0	0	0	0	0	0	0	0	0	0	0	0	0	0	0	0	0	0	0	0	0	0	0	0	0	0	0	0	0	0	0	0	0	0	0	0	0	0	0	0	0	0	0	0	0	0	0	0	0	0	0	0	0	0	0	0	0	0	0	0	0	0	0	0	0	0	0	0	1
no data	Nematoda;(0.21);Nematoda_class_incertae_sedis;(0.18);Nematoda_order_incertae_sedis;(0.18);Nematoda_family_incertae_sedis;(0.18);unclassified;(0.18);Rhabditophanes;(0.14);Rhabditophanes_sp.;(0.14);	no data	no data	no data	no data	no data	no data	M03930:300:000000000-KGPN3:1:1101:28683:15968	AACTATATATTTTGCTTTCGGCATATGAGCAGCTTTACTAGGGGCTTCCATGAGAGTTTTAATCCGAATAAAGCTTGCACACCCTAATATAATAGGACAAGTTGACCAAATCTATAATGTCACAGTAACTGCT	Cluster_21	36	0	0	0	0	0	0	0	0	0	0	0	0	0	0	0	0	0	0	0	0	0	0	0	0	0	0	0	0	0	0	0	0	0	0	0	0	0	0	0	0	0	0	0	0	0	0	0	0	0	0	0	0	0	0	0	3	0	31	0	0	0	0	0	0	0	0	0	0	0	0	0	0	0	0	0	0	0	0	0	0	0	0	0	0	0	0	0	0	0	0	0	0	0	0	0	0	0	0	0	0	0	0	0	0	0	0	0	0	0	0	0	0	0	0	0	0	0	0	0	0	0	0	0	0	0	0	0	0	0	0	0	0	0	0	0	0	0	0	0	0	0	0	0	1	0	0	0	0	0	0	0	0	0	0	0	0	0	0	0	0	0	0	0	0	0	0	0	0	0	0	0	0	0	0	0	0	0	0	0	0	0	0	0	0	0	0	0	1
no data	Arthropoda;(1.0);Insecta;(1.0);Diptera;(0.97);Drosophilidae;(0.67);Drosophilinae;(0.62);Drosophila;(0.6);Drosophila_subpulchrella;(0.24);	Arthropoda;Insecta;Diptera;Drosophilidae;Drosophilinae;Drosophila;Drosophila_subpulchrella	5178754	97.744	100.0	7.97e-59	133	M03930:300:000000000-KGPN3:1:2102:16074:24915	AACTTTATATTTTATTTTTGGAGCTTGAGCTGGAATAGTTGGAACATCTTTAAGAATTTTAATTCGAGCTGAATTAGGTCATCCAGGAGCATTAATTGGAGATGACCAAATTTATAACGTAATTGTTACCGCA	Cluster_22	37	0	0	0	0	0	0	0	0	0	0	0	0	0	0	0	0	0	0	0	0	0	0	0	0	0	0	0	0	0	0	0	0	0	0	0	0	0	0	0	0	0	0	5	0	31	0	0	0	0	0	0	0	0	0	0	0	0	0	0	0	0	0	0	0	0	0	0	0	0	0	0	0	0	0	0	0	0	0	0	0	0	0	0	0	0	0	0	0	0	0	0	0	0	0	0	0	0	0	0	0	0	0	0	0	0	0	0	0	0	0	0	0	0	0	0	0	0	0	0	0	0	0	0	0	0	0	0	0	0	0	0	0	0	0	0	0	0	0	0	0	0	0	0	0	0	0	0	0	0	0	0	0	0	0	0	0	0	0	0	0	0	0	0	0	0	0	0	0	0	0	0	0	0	0	0	0	0	0	0	0	0	0	0	0	0	0	0	1
no data	Arthropoda;(0.93);Insecta;(0.87);Coleoptera;(0.32);Laemophloeidae;(0.06);unclassified;(0.06);Lathropus;(0.06);Lathropus_sepicola;(0.06);	Arthropoda;Insecta;Coleoptera;Nitidulidae;Carpophilinae;Carpophilus;Carpophilus_brachypterus	606966	90.152	99.24812030075188	1.36e-41	132	M03930:300:000000000-KGPN3:1:1101:7117:18315	TACGTTGTACTTTATCTTCGGTGCTTGATCAGGTATAGTTGGTACATCCCTCAGAATTTTAATTCGTACTGAACTAGGATCCCCCGGATCTTTAATTGGAAATGATCAAATTTATAATGTAATTGTCACGGCC	Cluster_23	38	0	0	0	0	0	0	0	0	0	0	0	0	0	0	0	0	0	0	0	0	0	0	0	0	0	0	0	0	0	0	0	0	0	0	0	0	0	0	0	0	0	0	0	0	0	0	0	0	0	0	0	0	0	0	0	0	0	0	0	0	0	0	0	0	0	0	0	0	0	0	0	0	0	0	0	0	0	0	0	0	0	0	0	0	0	0	0	0	0	34	0	0	0	0	0	0	0	0	0	0	0	0	0	0	0	0	0	0	0	0	0	0	0	0	0	0	0	0	0	0	0	0	0	0	0	0	0	0	0	0	0	0	0	0	0	0	0	0	0	0	0	0	0	0	0	0	0	0	0	0	0	0	0	0	0	0	0	0	0	0	0	0	0	0	0	0	0	0	0	0	0	0	0	0	0	0	0	0	0	0	0	0	0	0	0	0	0	4
no data	Arthropoda;(1.0);Insecta;(1.0);Diptera;(0.99);Drosophilidae;(0.8);Drosophilinae;(0.77);Drosophila;(0.76);Drosophila_formosana;(0.68);	Arthropoda;Insecta;Multi-affiliation;Multi-affiliation;Multi-affiliation;Multi-affiliation;Multi-affiliation	multi-subject	100.0	100.0	1.00e-62	131	M03930:300:000000000-KGPN3:1:1101:7854:6791	AACTTTATATTTTATTTTTGGAGCTTGAGCTGGAATAGTTGGAACATCTTTAAGAATTTTAATTCGAGCTGAATTAGGACATCCTGGAGCATTAATTGGAGATGATCAAATTTATAATGTAATTGTAACTG	Cluster_24	26	0	0	0	0	0	0	0	0	0	0	0	0	0	0	0	0	0	0	0	0	0	0	0	0	0	0	0	0	0	0	0	0	0	0	0	0	0	0	0	0	0	0	0	0	23	0	0	0	0	0	0	0	0	0	0	0	0	0	0	0	0	0	0	0	0	0	0	0	0	0	0	0	0	0	0	0	0	0	0	0	0	0	0	0	0	0	0	0	0	0	0	0	0	0	0	0	0	0	0	0	0	0	0	0	0	0	0	0	0	0	0	0	0	0	0	0	0	0	0	0	0	0	0	0	0	0	0	0	0	0	0	0	0	0	0	0	0	0	0	0	0	0	0	0	0	0	0	0	0	0	0	0	0	0	0	0	0	0	0	0	0	0	0	0	0	0	0	0	0	0	0	0	0	0	0	0	0	0	0	0	0	0	0	0	0	0	0	3
no data	Arthropoda;(1.0);Insecta;(1.0);Diptera;(0.98);Drosophilidae;(0.69);Drosophilinae;(0.66);Drosophila;(0.52);Drosophila_simulans;(0.4);	Arthropoda;Insecta;Diptera;Drosophilidae;Drosophilinae;Drosophila;Multi-affiliation	multi-subject	96.992	100.0	3.71e-57	133	M03930:300:000000000-KGPN3:1:2111:8216:9406	AACTCTATATTTTATTTTTGGAGCTTGAGCCGGAATAGTGGGAACATCATTAAGAATTTTAATTCGAGCCGAATTAGGACATCCTGGAGCATTAATCGGAGATGACCAAATTTATAATGTAATTGTAACTGCA	Cluster_26	26	0	0	0	0	0	0	0	2	13	3	0	0	0	0	0	0	0	0	0	0	0	0	0	0	0	0	0	0	0	0	0	0	0	0	0	0	0	0	0	0	0	0	0	0	1	0	0	0	0	0	0	0	0	0	0	0	0	0	0	0	0	0	0	0	0	0	0	0	0	0	0	0	0	0	0	0	0	0	0	0	0	0	0	0	0	0	0	0	0	0	0	0	0	0	0	0	0	0	0	0	0	0	0	0	0	0	0	0	0	0	0	0	0	0	0	0	0	0	0	0	0	0	0	0	0	0	0	0	0	0	0	0	0	0	0	0	0	0	0	0	0	0	0	0	0	0	0	0	0	0	0	0	0	0	0	0	0	0	0	0	0	0	0	2	0	0	2	0	0	0	1	0	0	0	1	0	0	0	0	0	0	0	0	0	0	0	0	1
no data	Arthropoda;(1.0);Insecta;(1.0);Diptera;(0.98);Drosophilidae;(0.42);Drosophilinae;(0.34);Drosophila;(0.31);Drosophila_formosana;(0.04);	Arthropoda;Insecta;Multi-affiliation;Multi-affiliation;Multi-affiliation;Multi-affiliation;Multi-affiliation	multi-subject	96.992	100.0	3.71e-57	133	M03930:300:000000000-KGPN3:1:1104:13197:7394	AACTCTATATTTTATTTTTGGAGCTTGAGCCGGAATAGTGGGAACATCTCTAAGAATTTTAATTCGAGCTGAATTAGGACATCCTGGAGCATTAATTGGAGATGATCAAATTTATAATGTAATTGTAACTGCA	Cluster_25	26	0	0	0	0	0	0	0	0	0	0	0	0	0	0	0	0	0	0	0	0	0	0	0	0	0	0	0	0	0	0	0	0	0	0	0	0	0	0	0	0	0	0	5	1	19	0	0	0	0	0	0	0	0	0	0	0	0	0	0	0	0	0	0	0	0	0	0	0	0	0	0	0	0	0	0	0	0	0	0	0	0	0	0	0	0	0	0	0	0	0	0	0	0	0	0	0	0	0	0	0	0	0	0	0	0	0	0	0	0	0	0	0	0	0	0	0	0	0	0	0	0	0	0	0	0	0	0	0	0	0	0	0	0	0	0	0	0	0	0	0	0	0	0	0	0	0	0	0	0	0	0	0	0	0	0	0	0	0	0	0	0	0	0	0	0	0	0	0	0	0	0	0	0	0	0	0	0	0	0	0	0	0	0	0	0	0	0	1
no data	Arthropoda;(1.0);Insecta;(0.99);Diptera;(0.98);Drosophilidae;(0.85);Drosophilinae;(0.84);Drosophila;(0.83);Drosophila_subpulchrella;(0.5);	Arthropoda;Insecta;Diptera;Drosophilidae;Drosophilinae;Drosophila;Drosophila_subpulchrella	5178754	97.744	100.0	7.97e-59	133	M03930:300:000000000-KGPN3:1:1105:9525:15244	AACTTTATATTTTATCTTTGGAGCTTGAGCTGGGATAGTGGGAACATCTCTAAGAATTTTAATTCGAGCTGAATTAGGTCATCCAGGAGCATTAATTGGAGATGACCAAATTTATAACGTAATTGTTACCGCA	Cluster_28	42	0	0	0	0	0	0	0	2	13	12	0	3	0	0	0	0	0	0	0	0	0	0	0	0	0	0	0	0	0	0	0	0	0	0	0	0	0	0	0	0	0	0	0	0	1	0	0	0	0	0	0	0	0	0	0	0	0	0	0	0	0	0	0	0	0	0	0	0	0	0	0	0	0	0	0	0	0	0	0	0	0	0	0	0	0	0	0	0	0	0	0	0	0	0	0	0	0	0	0	0	0	0	0	0	0	0	0	0	0	0	0	0	0	0	0	0	0	0	0	0	0	0	0	0	0	0	0	0	0	0	0	0	0	0	0	0	0	0	0	0	0	0	0	0	0	0	0	0	0	0	0	0	0	0	0	0	0	0	0	0	0	0	0	3	0	1	0	0	0	0	2	0	5	0	0	0	0	0	0	0	0	0	0	0	0	0	0	0
no data	Arthropoda;(1.0);Insecta;(1.0);Lepidoptera;(0.98);Pyralidae;(0.47);Phycitinae;(0.46);Homoeosoma;(0.21);Homoeosoma_stenopis;(0.21);	Arthropoda;Insecta;Lepidoptera;Pyralidae;Phycitinae;Ephestia;Ephestia_kuehniella	5574411	98.496	100.0	1.71e-60	133	M03930:300:000000000-KGPN3:1:1101:16068:19264	TACTTTATATTTTATCTTTGGAATTTGATCAGGAATAGTGGGAACTTCTCTCAGTTTATTAATTCGTGCTGAATTAGGAACTCCTGAATCTTTAATTGGTGATGACCAAATTTATAATACTATTGTAACTGGT	Cluster_27	23	0	0	0	0	0	0	0	0	0	0	0	0	0	0	0	0	0	0	0	0	0	0	0	0	0	0	0	0	0	0	0	0	0	0	0	0	0	0	0	0	0	0	0	0	0	0	0	0	0	0	0	0	0	0	0	0	0	0	0	0	0	0	0	0	0	0	0	0	0	0	0	0	0	0	0	0	0	0	0	0	0	0	0	0	0	0	0	0	0	0	0	0	0	0	0	0	0	0	0	0	0	0	0	0	0	0	0	0	0	0	0	0	0	0	0	0	0	0	0	0	0	0	0	0	0	0	0	0	0	0	0	0	0	0	0	0	0	0	0	0	0	0	0	0	0	0	0	0	0	0	0	0	0	0	0	0	0	0	0	19	0	3	0	0	0	0	0	0	0	0	0	0	0	0	0	0	0	0	0	0	0	0	0	0	0	0	0	1
no data	Nematoda;(0.1);Nematoda_class_incertae_sedis;(0.08);Nematoda_order_incertae_sedis;(0.08);Nematoda_family_incertae_sedis;(0.08);unclassified;(0.08);Ruizia;(0.08);Ruizia_karukerae;(0.08);	no data	no data	no data	no data	no data	no data	M03930:300:000000000-KGPN3:1:1103:25490:5824	AACCATATACTTTGCCTTTGGAATATGAGCAGCTTTATTAGGGGCTTCCATAAGAGTCCTAATTCGAATGAAACTTGCACATCCCAATATGATGGGTCAAGTAGACCAAATTTATAATGTTACAGTGACCGCT	Cluster_30	13	0	0	0	0	0	0	0	0	0	0	0	0	0	0	0	0	0	0	0	0	0	0	0	0	0	0	0	0	0	0	0	0	0	0	0	0	0	0	0	0	0	0	0	0	0	0	0	0	0	0	0	0	0	0	0	0	0	0	1	0	0	0	10	0	0	0	0	0	0	0	0	0	0	0	0	2	0	0	0	0	0	0	0	0	0	0	0	0	0	0	0	0	0	0	0	0	0	0	0	0	0	0	0	0	0	0	0	0	0	0	0	0	0	0	0	0	0	0	0	0	0	0	0	0	0	0	0	0	0	0	0	0	0	0	0	0	0	0	0	0	0	0	0	0	0	0	0	0	0	0	0	0	0	0	0	0	0	0	0	0	0	0	0	0	0	0	0	0	0	0	0	0	0	0	0	0	0	0	0	0	0	0	0	0	0	0	0	0
no data	Arthropoda;(1.0);Insecta;(1.0);Coleoptera;(1.0);Coccinellidae;(1.0);Coccinellinae;(1.0);Harmonia;(1.0);Harmonia_axyridis;(1.0);	Arthropoda;Insecta;Coleoptera;Multi-affiliation;Multi-affiliation;Multi-affiliation;Multi-affiliation	multi-subject	100.0	100.0	7.91e-64	133	M03930:300:000000000-KGPN3:1:1110:23738:22697	AACATTATACTTTTTATTTGGAATATGGGCAGGAATAGTAGGAACATCGTTAAGTATTTTAATTCGGTTAGAATTAGGAACTAGAGGAAGATTAATTGGAAACGACCAAATTTATAATATAATTGTTACAGCT	Cluster_33	9	0	0	0	0	0	0	0	0	0	0	0	0	0	0	0	0	0	0	0	0	0	0	0	0	0	0	0	0	0	0	0	0	0	0	0	0	0	0	0	0	0	0	0	0	0	0	0	0	0	0	0	0	0	0	0	0	0	0	0	0	0	0	0	0	0	0	0	0	0	0	0	0	0	0	0	0	0	0	0	0	0	0	0	0	0	0	0	0	0	0	0	0	0	0	0	0	0	0	0	0	0	0	0	0	0	0	0	0	0	0	0	0	0	0	0	0	0	0	0	0	0	0	0	0	0	0	0	0	0	0	0	0	0	0	0	0	0	0	0	0	0	0	0	0	0	0	0	0	0	0	0	0	0	0	0	0	0	0	0	2	0	0	0	0	4	1	0	0	0	0	0	0	0	0	0	0	0	0	0	0	0	0	0	0	0	0	0	2
no data	Nematoda;(0.2);Nematoda_class_incertae_sedis;(0.18);Nematoda_order_incertae_sedis;(0.18);Nematoda_family_incertae_sedis;(0.18);unclassified;(0.18);Rhabditophanes;(0.12);Rhabditophanes_sp.;(0.12);	no data	no data	no data	no data	no data	no data	M03930:300:000000000-KGPN3:1:1104:7284:23010	AACTTTGTAATTTATTTTTGGATTTTGATCAGCTTTATAAGGTAGCACATTAAGATTTTTAATTCGATTAGAGCTTAGGCAACCTGGATCTTTTTTGGGGGATGACCATCTATAAAATGTAATCGTTACCTCC	Cluster_34	6	0	0	0	0	0	0	0	0	0	0	0	0	0	0	0	0	0	0	0	0	0	0	0	0	0	0	0	0	0	0	0	0	0	0	0	0	0	0	0	0	0	0	0	0	0	0	0	0	0	0	0	0	0	0	0	5	0	0	0	1	0	0	0	0	0	0	0	0	0	0	0	0	0	0	0	0	0	0	0	0	0	0	0	0	0	0	0	0	0	0	0	0	0	0	0	0	0	0	0	0	0	0	0	0	0	0	0	0	0	0	0	0	0	0	0	0	0	0	0	0	0	0	0	0	0	0	0	0	0	0	0	0	0	0	0	0	0	0	0	0	0	0	0	0	0	0	0	0	0	0	0	0	0	0	0	0	0	0	0	0	0	0	0	0	0	0	0	0	0	0	0	0	0	0	0	0	0	0	0	0	0	0	0	0	0	0	0	0
no data	Arthropoda;(1.0);Insecta;(1.0);Diptera;(0.96);Tephritidae;(0.38);Dacinae;(0.38);Ceratitis;(0.38);Ceratitis_caetrata;(0.35);	Arthropoda;Insecta;Diptera;Tephritidae;Dacinae;Ceratitis;Multi-affiliation	multi-subject	100.0	100.0	7.91e-64	133	M03930:300:000000000-KGPN3:1:1109:26988:14830	AACTTTATATTTTATTTTTGGAGCATGAGCTGGAATAGTAGGAACATCCTTAAGAATTTTAATTCGAGCTGAATTAGGACATCCAGGAGCATTAATTGGAGATGATCAAATTTATAATGTAATTGTTACTGCC	Cluster_38	8	0	0	0	0	0	0	2	1	0	0	0	0	0	0	0	0	0	0	0	0	0	0	0	0	0	0	0	0	0	0	0	0	0	0	0	0	0	0	0	0	0	0	0	0	0	0	0	0	0	0	0	0	0	0	0	0	0	0	0	0	0	0	0	0	0	0	0	0	0	0	0	0	0	0	0	0	0	0	0	0	0	0	0	0	0	0	0	0	0	0	0	0	0	0	0	0	0	0	0	0	0	0	0	0	0	0	0	0	0	0	0	0	0	0	0	0	0	0	0	0	0	0	0	0	0	0	0	0	0	0	0	0	0	0	0	0	0	0	0	0	0	0	0	0	0	0	0	0	0	0	0	0	0	0	0	0	1	0	0	0	0	3	0	0	0	0	0	0	0	0	0	0	0	0	0	0	0	0	0	0	0	0	0	0	0	0	0	1
no data	Arthropoda;(1.0);Insecta;(1.0);Diptera;(0.98);Drosophilidae;(0.58);Drosophilinae;(0.55);Drosophila;(0.51);Drosophila_formosana;(0.25);	Arthropoda;Insecta;Multi-affiliation;Multi-affiliation;Multi-affiliation;Multi-affiliation;Multi-affiliation	multi-subject	96.992	100.0	3.71e-57	133	M03930:300:000000000-KGPN3:1:1106:27705:20579	AACTTTATATTTTATTTTTGGAGCTTGAGCTGGAATAGTTGGAACATCTTTAAGAATTTTAATTCGAGCTGAATTAGGACATCCTGGAGCATTAATTGGAGATGACCAAATTTATAACGTAATTGTTACCGCA	Cluster_36	14	0	0	0	0	0	0	0	0	0	0	0	0	0	0	0	0	0	0	0	0	0	0	0	0	0	0	0	0	0	0	0	0	0	0	0	0	0	0	0	0	0	0	5	0	9	0	0	0	0	0	0	0	0	0	0	0	0	0	0	0	0	0	0	0	0	0	0	0	0	0	0	0	0	0	0	0	0	0	0	0	0	0	0	0	0	0	0	0	0	0	0	0	0	0	0	0	0	0	0	0	0	0	0	0	0	0	0	0	0	0	0	0	0	0	0	0	0	0	0	0	0	0	0	0	0	0	0	0	0	0	0	0	0	0	0	0	0	0	0	0	0	0	0	0	0	0	0	0	0	0	0	0	0	0	0	0	0	0	0	0	0	0	0	0	0	0	0	0	0	0	0	0	0	0	0	0	0	0	0	0	0	0	0	0	0	0	0	0
no data	Arthropoda;(1.0);Insecta;(1.0);Diptera;(0.95);Drosophilidae;(0.67);Drosophilinae;(0.62);Drosophila;(0.62);Drosophila_subpulchrella;(0.16);	Arthropoda;Insecta;Diptera;Drosophilidae;Drosophilinae;Drosophila;Drosophila_suzukii	multi-subject	98.413	96.18320610687023	1.31e-56	126	M03930:300:000000000-KGPN3:1:1107:18419:10446	AACTCTATATTTTATTTTTGGAGCTTGAGCCGGAATAGTGGGAACATCTCTAAGAATTTTAATTCGAGCTGAATTAGGTCATCCAGGAGCATTAATCGGAGATGACCAAATTTATAATGTAATTGTAACTG	Cluster_41	4	0	0	0	0	0	0	0	0	0	0	0	0	0	0	0	0	0	0	0	0	0	0	0	0	0	0	0	0	0	0	0	0	0	0	0	0	0	0	0	0	0	0	1	0	0	0	0	0	0	0	0	0	0	0	0	0	0	0	0	0	0	0	0	0	0	0	0	0	0	0	0	0	0	0	0	0	0	0	0	0	0	0	0	0	0	0	0	0	0	0	0	0	0	0	0	0	0	0	0	0	0	0	0	0	0	0	0	0	0	0	0	0	0	0	0	0	0	0	0	0	0	0	0	0	0	0	0	0	0	0	0	0	0	0	0	0	0	0	0	0	0	0	0	0	0	0	0	0	0	0	0	0	0	0	0	0	0	0	0	0	0	0	0	0	0	0	0	0	0	0	0	0	0	0	3	0	0	0	0	0	0	0	0	0	0	0	0	0
no data	Arthropoda;(1.0);Insecta;(1.0);Diptera;(1.0);Drosophilidae;(0.71);Drosophilinae;(0.66);Drosophila;(0.66);Drosophila_formosana;(0.51);	Arthropoda;Insecta;Multi-affiliation;Multi-affiliation;Multi-affiliation;Multi-affiliation;Multi-affiliation	multi-subject	98.496	100.0	1.71e-60	133	M03930:300:000000000-KGPN3:1:2107:10396:9542	AACTTTATATTTTATTTTTGGAGCTTGAGCTGGAATAGTTGGAACATCTTTAAGAATTTTAATTCGAGCTGAATTAGGACATCCTGGAGCATTAATTGGAGATGATCAAATTTATAATGTAATTGTTACCGCA	Cluster_44	6	0	0	0	0	0	0	0	0	0	0	0	0	0	0	0	0	0	0	0	0	0	0	0	0	0	0	0	0	0	0	0	0	0	0	0	0	0	0	0	0	0	0	2	0	3	0	0	0	0	0	0	0	0	0	0	0	0	0	0	0	0	0	0	0	0	0	0	0	0	0	0	0	0	0	0	0	0	0	0	0	0	0	0	0	0	0	0	0	0	0	0	0	0	0	0	0	0	0	0	0	0	0	0	0	0	0	0	0	0	0	0	0	0	0	0	0	0	0	0	0	0	0	0	0	0	0	0	0	0	0	0	0	0	0	0	0	0	0	0	0	0	0	0	0	0	0	0	0	0	0	0	0	0	0	0	0	0	0	0	0	0	0	0	0	0	0	0	0	0	0	0	0	0	0	0	0	0	0	0	0	0	0	0	0	0	0	0	1
no data	Nematoda;(0.5);Nematoda_class_incertae_sedis;(0.45);Nematoda_order_incertae_sedis;(0.45);Nematoda_family_incertae_sedis;(0.45);unclassified;(0.45);Rhabditophanes;(0.25);Rhabditophanes_sp.;(0.25);	no data	no data	no data	no data	no data	no data	M03930:300:000000000-KGPN3:1:1113:11239:22921	AACTTTATATTTTATATTTGGTATATGAACAGCTATATTAGGTACTTCTCTTAGAAATATTATTCGTTTTGAATTAAGAATACCTCTAAGAATTATTAAAGATGATCAAATTTACAATTCTTTAGTTACTGCT	Cluster_55	3	0	0	0	0	0	0	0	0	0	0	0	0	0	0	0	0	0	0	0	0	0	0	0	0	0	0	0	0	0	0	0	0	0	0	0	0	0	0	0	0	0	0	0	0	0	0	0	0	0	0	0	0	0	0	0	0	0	0	0	0	0	0	0	0	0	0	0	0	0	0	0	0	2	0	0	0	0	0	0	0	0	0	0	0	0	0	0	0	0	0	0	0	0	0	0	0	0	0	0	0	0	0	0	0	0	0	0	0	0	0	0	0	0	0	0	0	0	0	0	0	0	0	0	0	0	0	0	0	0	0	0	0	0	0	0	0	0	0	0	0	0	0	0	0	0	0	0	0	0	0	0	0	0	0	1	0	0	0	0	0	0	0	0	0	0	0	0	0	0	0	0	0	0	0	0	0	0	0	0	0	0	0	0	0	0	0	0	0
no data	Nematoda;(0.14);Nematoda_class_incertae_sedis;(0.05);Nematoda_order_incertae_sedis;(0.05);Nematoda_family_incertae_sedis;(0.05);unclassified;(0.05);Rhabditophanes;(0.05);Rhabditophanes_sp.;(0.05);	no data	no data	no data	no data	no data	no data	M03930:300:000000000-KGPN3:1:2113:13675:13622	TACAATATATTTTTGCTTTGGGCTATGGGCAGGAGTGATAGGAGCATCTATAAGAATAATCATTCGCATCAAACTATCACACCCCAACCTTATAGGACAAAATGACCAAATCTACAATACAATAGTAACTGCC	Cluster_62	6	0	0	0	0	0	0	0	0	0	0	0	0	0	0	0	0	0	0	0	0	0	0	0	0	0	0	0	0	0	0	0	0	0	0	0	0	0	0	0	0	0	0	0	0	0	0	0	0	0	0	0	0	0	0	0	0	0	0	0	0	0	0	0	0	0	0	0	0	0	0	0	0	0	0	0	0	0	3	0	0	0	0	0	0	0	0	0	0	0	0	0	0	0	0	0	0	0	0	0	0	0	0	0	0	0	0	0	0	0	0	0	0	0	0	0	0	0	0	0	0	0	0	0	0	0	0	0	0	0	0	0	0	0	0	0	0	0	0	0	0	0	0	2	0	0	0	0	0	0	0	0	0	0	0	0	0	0	0	0	0	0	0	0	0	0	0	0	0	0	0	0	0	0	0	0	0	0	0	0	0	0	0	0	0	0	0	0	1
no data	Arthropoda;(0.99);Insecta;(0.99);Lepidoptera;(0.97);Pyralidae;(0.47);Phycitinae;(0.43);Homoeosoma;(0.3);Homoeosoma_stenopis;(0.3);	Arthropoda;Insecta;Lepidoptera;Pyralidae;Phycitinae;Multi-affiliation;Multi-affiliation	multi-subject	97.744	100.0	7.97e-59	133	M03930:300:000000000-KGPN3:1:1109:20411:26390	TACTTTATATTTTATCTTTGGAATTTGATCAGGAATAGTAGGAACTTCTCTCAGTTTATTAATTCGCGCTGAATTAGGAACGCCTGAATCTTTAATTGGTGATGATCAAATTTATAATACTATTGTAACTGGT	Cluster_51	4	0	0	0	0	0	0	0	0	0	0	0	0	0	0	0	0	0	0	0	0	0	0	0	0	0	0	0	0	0	0	0	0	0	0	0	0	0	0	0	0	0	0	0	0	0	0	0	0	0	0	0	0	0	0	0	0	0	0	0	0	0	0	0	0	0	0	0	0	0	0	0	0	0	0	0	0	0	0	0	0	0	0	0	0	0	0	0	0	0	0	0	0	0	0	0	0	0	0	0	0	0	0	0	0	0	0	0	0	0	0	0	0	0	0	0	0	0	0	0	0	0	0	0	0	0	0	0	0	0	0	0	0	0	0	0	0	0	0	0	0	0	0	0	0	0	0	0	0	0	0	0	0	0	0	0	0	0	0	1	3	0	0	0	0	0	0	0	0	0	0	0	0	0	0	0	0	0	0	0	0	0	0	0	0	0	0	0	0
no data	Arthropoda;(1.0);Insecta;(1.0);Diptera;(1.0);Drosophilidae;(1.0);Drosophilinae;(1.0);Drosophila;(1.0);Drosophila_simulans;(1.0);	Arthropoda;Insecta;Diptera;Drosophilidae;Drosophilinae;Drosophila;Drosophila_simulans	multi-subject	100.0	100.0	6.23e-65	135	M03930:300:000000000-KGPN3:1:1102:26988:8660	AACTTTATATTTTATCTTTGGAGCTTGAGCTGGGATAGTCGGAACATCATTAAGAATTTTAATTCGAGCCGAATTAGGACATCCTGGAGCATTAATCGGAGATGACCAAATTTATAATGTAATTGTAACTGCACA	Cluster_47	3	0	0	0	0	0	2	0	0	0	0	0	0	0	0	0	0	0	0	0	0	0	0	0	0	0	0	0	0	0	0	0	0	0	0	0	0	0	0	0	0	0	0	0	0	0	0	0	0	0	0	0	0	0	0	0	0	0	0	0	0	0	0	0	0	0	0	0	0	0	0	0	0	0	0	0	0	0	0	0	0	0	0	0	0	0	0	0	0	0	0	0	0	0	0	0	0	0	0	0	0	0	0	0	0	0	0	0	0	0	0	0	0	0	0	0	0	0	0	0	0	0	0	0	0	0	0	0	0	0	0	0	0	0	0	0	0	0	0	0	0	0	0	0	0	0	0	0	0	0	0	0	0	0	0	0	0	0	0	0	0	0	0	0	0	1	0	0	0	0	0	0	0	0	0	0	0	0	0	0	0	0	0	0	0	0	0	0	0
no data	Arthropoda;(1.0);Insecta;(1.0);Diptera;(0.95);Sarcophagidae;(0.12);Sarcophaginae;(0.12);Sarcophaga;(0.12);Sarcophaga_schineri;(0.11);	Arthropoda;Insecta;Diptera;Drosophilidae;Drosophilinae;Drosophila;Multi-affiliation	multi-subject	95.42	100.0	1.02e-52	131	M03930:300:000000000-KGPN3:1:1105:23634:10432	AACTCTATATTTTATTTTTGGAGCTTGAGCCGGAATAGTGGGAACATCTCTAAGAATTTTAATTCGAGCCGAATTAGGACATCCTGGAGCATTAATCGGAGATGACCAAATTTATAATGTAATTGTAACTG	Cluster_69	3	0	0	0	0	0	0	0	0	2	0	0	0	0	0	0	0	0	0	0	0	0	0	0	0	0	0	0	0	0	0	0	0	0	0	0	0	0	0	0	0	0	0	0	0	0	0	0	0	0	0	0	0	0	0	0	0	0	0	0	0	0	0	0	0	0	0	0	0	0	0	0	0	0	0	0	0	0	0	0	0	0	0	0	0	0	0	0	0	0	0	0	0	0	0	0	0	0	0	0	0	0	0	0	0	0	0	0	0	0	0	0	0	0	0	0	0	0	0	0	0	0	0	0	0	0	0	0	0	0	0	0	0	0	0	0	0	0	0	0	0	0	0	0	0	0	0	0	0	0	0	0	0	0	0	0	0	0	0	0	0	0	0	0	0	0	0	1	0	0	0	0	0	0	0	0	0	0	0	0	0	0	0	0	0	0	0	0	0
no data	Arthropoda;(1.0);Insecta;(1.0);Diptera;(0.99);Drosophilidae;(0.61);Drosophilinae;(0.6);Drosophila;(0.59);Drosophila_simulans;(0.46);	Arthropoda;Insecta;Diptera;Drosophilidae;Drosophilinae;Drosophila;Drosophila_simulans	multi-subject	96.992	100.0	3.71e-57	133	M03930:300:000000000-KGPN3:1:2101:12188:16043	AACTTTATATTTTATCTTTGGAGCTTGAGCTGGGATAGTCGGAACATCATTAAGAATTTTAATTCGAGCTGAATTAGGTCATCCAGGAGCATTAATTGGAGATGACCAAATTTATAATGTAATTGTAACTGCA	Cluster_79	5	0	0	0	0	0	0	0	0	1	0	0	0	0	0	0	0	0	0	0	0	0	0	0	0	0	0	0	0	0	0	0	0	0	0	0	0	0	0	0	0	0	0	0	0	1	0	0	0	0	0	0	0	0	0	0	0	0	0	0	0	0	0	0	0	0	0	0	0	0	0	0	0	0	0	0	0	0	0	0	0	0	0	0	0	0	0	0	0	0	0	0	0	0	0	0	0	0	0	0	0	0	0	0	0	0	0	0	0	0	0	0	0	0	0	0	0	0	0	0	0	0	0	0	0	0	0	0	0	0	0	0	0	0	0	0	0	0	0	0	0	0	0	0	0	0	0	0	0	0	0	0	0	0	0	0	0	0	0	0	0	0	0	0	2	0	0	0	0	0	0	0	0	0	0	1	0	0	0	0	0	0	0	0	0	0	0	0	0
no data	Nematoda;(0.13);Nematoda_class_incertae_sedis;(0.1);Nematoda_order_incertae_sedis;(0.1);Nematoda_family_incertae_sedis;(0.1);unclassified;(0.1);Rhabditophanes;(0.1);Rhabditophanes_sp.;(0.1);	no data	no data	no data	no data	no data	no data	M03930:300:000000000-KGPN3:1:1103:27040:17576	GACAATGTACTTCTGCTTTGGCCTGTGAGCAGGTATTATAGGCGCATCTATAAGAATAATTATTCGAATTAAGCTATCTCACCCTAATTTCATAGGACAAAATGACCAAATTTATAACACAATAGTAACTGCA	Cluster_68	2	0	0	0	0	0	0	0	0	0	0	0	0	0	0	0	0	0	0	0	0	0	0	0	0	0	0	1	0	0	0	0	0	0	0	0	0	0	0	0	0	0	0	0	0	0	0	0	0	0	0	0	0	0	0	0	0	0	0	0	0	0	0	0	0	0	0	0	0	0	0	0	0	0	0	0	0	0	0	0	0	0	0	0	0	0	0	0	0	0	0	0	0	0	0	0	0	0	0	0	0	0	0	0	0	0	0	0	0	0	0	0	0	0	0	0	0	0	0	0	0	0	0	0	0	0	0	0	0	0	0	0	0	0	0	0	0	0	0	0	0	0	0	0	0	0	0	0	0	0	0	0	0	0	0	0	0	0	0	0	0	0	0	0	0	0	0	0	0	0	0	0	0	0	0	0	0	0	0	0	0	0	0	0	0	0	0	1	0
no data	Nematoda;(0.36);Nematoda_class_incertae_sedis;(0.32);Nematoda_order_incertae_sedis;(0.32);Nematoda_family_incertae_sedis;(0.32);unclassified;(0.32);Rhabditophanes;(0.19);Rhabditophanes_sp.;(0.19);	no data	no data	no data	no data	no data	no data	M03930:300:000000000-KGPN3:1:2108:14793:20783	GACATTATATTTTATTTTTGGAGTTTGAGCTGGAATTTTAGGATTCTCTATGAGTACCTTTATCCGATTAAAACTTTCTCATGCTACATTATTTTCCCAAAGAGACCATCTTTACAATGTTATAGTAACTGCT	Cluster_91	3	0	0	0	0	0	0	0	0	0	0	0	0	0	0	0	0	0	0	0	0	0	0	0	0	0	0	0	0	0	0	0	0	0	0	0	0	0	0	0	0	0	0	0	0	0	0	0	0	0	0	0	0	0	0	0	0	0	2	1	0	0	0	0	0	0	0	0	0	0	0	0	0	0	0	0	0	0	0	0	0	0	0	0	0	0	0	0	0	0	0	0	0	0	0	0	0	0	0	0	0	0	0	0	0	0	0	0	0	0	0	0	0	0	0	0	0	0	0	0	0	0	0	0	0	0	0	0	0	0	0	0	0	0	0	0	0	0	0	0	0	0	0	0	0	0	0	0	0	0	0	0	0	0	0	0	0	0	0	0	0	0	0	0	0	0	0	0	0	0	0	0	0	0	0	0	0	0	0	0	0	0	0	0	0	0	0	0	0
no data	Arthropoda;(0.99);Insecta;(0.99);Diptera;(0.63);Sarcophagidae;(0.12);Sarcophaginae;(0.12);Sarcophaga;(0.12);Sarcophaga_schineri;(0.11);	Arthropoda;Insecta;Diptera;Multi-affiliation;Multi-affiliation;Multi-affiliation;Multi-affiliation	multi-subject	90.152	99.24812030075188	1.36e-41	132	M03930:300:000000000-KGPN3:1:2107:15374:16933	TACTTTATATTTTATCTTTGGAATTTGATCAGGAATAGTAGGAACTTCCCTCAGTTTATTAATTCGAGCCGAATTAGGACATCCTGGAGCATTAATCGGAGATGACCAAATTTATAATGTAATTGTAACTGCA	Cluster_87	3	0	0	0	0	0	0	0	0	0	0	0	0	0	0	0	0	0	0	0	0	0	0	0	0	0	0	0	0	0	0	0	0	0	0	0	0	0	0	0	0	0	0	0	0	0	0	0	0	0	0	0	0	0	0	0	0	0	0	0	0	0	0	0	0	0	0	0	0	0	0	0	0	0	0	0	0	0	0	0	0	0	0	0	0	0	0	0	0	0	0	0	0	0	0	0	0	0	0	0	0	0	0	0	0	0	0	0	0	0	0	0	0	0	0	0	0	0	0	0	0	0	0	0	0	0	0	0	0	0	0	0	0	0	0	0	0	0	0	0	0	0	0	0	0	0	0	0	0	0	0	0	0	0	0	0	0	1	0	0	2	0	0	0	0	0	0	0	0	0	0	0	0	0	0	0	0	0	0	0	0	0	0	0	0	0	0	0	0
no data	Chordata;(0.81);Mammalia;(0.22);Rodentia;(0.12);Echimyidae;(0.07);unclassified;(0.05);Toromys;(0.05);Toromys_rhipidurus;(0.05);	no data	no data	no data	no data	no data	no data	M03930:300:000000000-KGPN3:1:1103:27699:18008	AACACTATACCTGCTATGGCGCCTGAACCGGGATAGTAGGCACGGCCTTAAGCCTTCTAATTCGAGCAGAACTAGGTCAACCAGGAACTCTGTTAGGAGATGATCAGATCTACAATGTTATTGTTACCGCC	Cluster_108	2	0	0	0	0	0	0	0	0	0	0	0	0	0	0	0	0	0	0	0	0	0	0	0	0	0	0	0	0	0	0	0	0	0	0	0	0	0	0	0	0	0	0	0	0	0	0	0	0	0	0	0	0	0	0	0	0	0	0	0	0	0	0	0	0	0	0	0	0	0	0	0	0	0	0	1	0	0	0	0	0	0	0	0	0	0	0	0	0	0	0	0	0	0	0	0	0	0	0	0	0	0	0	0	0	0	0	0	0	0	0	0	0	0	0	0	0	0	0	0	0	0	0	0	0	0	0	0	0	0	0	0	0	0	0	0	0	0	0	0	0	0	0	0	0	0	0	0	0	0	0	0	0	0	0	0	0	0	0	0	0	0	0	0	0	1	0	0	0	0	0	0	0	0	0	0	0	0	0	0	0	0	0	0	0	0	0	0	0
no data	Arthropoda;(1.0);Insecta;(1.0);Diptera;(0.91);Drosophilidae;(0.45);Drosophilinae;(0.44);Drosophila;(0.35);Drosophila_subpulchrella;(0.23);	Arthropoda;Insecta;Diptera;Drosophilidae;Drosophilinae;Drosophila;Drosophila_suzukii	multi-subject	96.241	100.0	1.72e-55	133	M03930:300:000000000-KGPN3:1:1111:26543:15924	AACTCTATACTTTATTTTTGGAGCTTGAGCCGGAATAGTGGGAACATCTCTAAGAATTTTAATTCGAGCCGAATTAGGACATCCTGGAGCATTAATCGGAGATGACCAAATTTATAACGTAATTGTTACCGCA	Cluster_142	3	0	0	0	0	0	0	0	0	1	1	0	0	0	0	0	0	0	0	0	0	0	0	0	0	0	0	0	0	0	0	0	0	0	0	0	0	0	0	0	0	0	0	1	0	0	0	0	0	0	0	0	0	0	0	0	0	0	0	0	0	0	0	0	0	0	0	0	0	0	0	0	0	0	0	0	0	0	0	0	0	0	0	0	0	0	0	0	0	0	0	0	0	0	0	0	0	0	0	0	0	0	0	0	0	0	0	0	0	0	0	0	0	0	0	0	0	0	0	0	0	0	0	0	0	0	0	0	0	0	0	0	0	0	0	0	0	0	0	0	0	0	0	0	0	0	0	0	0	0	0	0	0	0	0	0	0	0	0	0	0	0	0	0	0	0	0	0	0	0	0	0	0	0	0	0	0	0	0	0	0	0	0	0	0	0	0	0	0
no data	Arthropoda;(1.0);Insecta;(1.0);Thysanoptera;(1.0);Thripidae;(1.0);Thripinae;(1.0);Thrips;(1.0);Thrips_tabaci;(1.0);	Arthropoda;Insecta;Thysanoptera;Thripidae;Thripinae;Thrips;Thrips_tabaci	multi-subject	99.265	100.0	8.13e-64	136	M03930:300:000000000-KGPN3:1:1109:22644:23749	AATTCTTTACTTCATTTTTGGATTTTGGTCAGGAATGATAGGGCTTTCTTTAAGAATAATTATTCGATTAAATTTACGAGCATCAATAAAACTATTCATTAGAAACGATCAATTTTACAATTCAATTGTTACGGCT	Cluster_137	3	0	0	0	0	0	0	0	0	0	0	0	0	0	0	0	0	0	0	0	0	0	0	0	0	0	0	1	0	0	0	0	0	0	0	0	0	0	0	0	0	0	0	0	0	0	0	0	0	0	0	0	0	0	0	0	0	0	0	0	0	0	0	0	0	0	0	0	0	0	0	0	0	0	0	0	0	0	0	0	0	0	0	0	0	0	0	0	0	0	0	0	0	0	0	0	0	0	0	0	0	0	0	0	0	0	0	0	0	0	0	0	0	0	0	0	0	0	0	0	0	0	0	0	0	0	0	0	0	0	0	0	0	0	0	0	0	0	0	0	0	0	0	0	0	0	0	0	0	0	0	0	0	0	0	0	0	0	0	0	0	0	0	0	0	0	0	0	0	0	0	0	0	0	0	0	0	0	0	0	0	0	0	0	0	0	0	2	0
